County/ State,Constituency,Location
MOMBASA,CHANGAMWE,PORT REITZ
MOMBASA,CHANGAMWE,KIPEVU
MOMBASA,CHANGAMWE,AIRPORT
MOMBASA,CHANGAMWE,CHANGAMWE
MOMBASA,CHANGAMWE,CHAANI
MOMBASA,JOMVU,JOMVU KUU
MOMBASA,JOMVU,MIRITINI
MOMBASA,JOMVU,MIKINDANI
MOMBASA,KISAUNI,MJAMBERE
MOMBASA,KISAUNI,JUNDA
MOMBASA,KISAUNI,BAMBURI
MOMBASA,KISAUNI,MWAKIRUNGE
MOMBASA,KISAUNI,MTOPANGA
MOMBASA,KISAUNI,MAGOGONI
MOMBASA,KISAUNI,SHANZU
MOMBASA,NYALI,FRERE TOWN
MOMBASA,NYALI,ZIWA LA NG'OMBE
MOMBASA,NYALI,MKOMANI
MOMBASA,NYALI,KONGOWEA
MOMBASA,NYALI,KADZANDANI
MOMBASA,LIKONI,MTONGWE
MOMBASA,LIKONI,SHIKA ADABU
MOMBASA,LIKONI,BOFU
MOMBASA,LIKONI,LIKONI
MOMBASA,LIKONI,TIMBWANI
MOMBASA,MVITA,MJI WA KALE/MAKADARA
MOMBASA,MVITA,TUDOR
MOMBASA,MVITA,TONONOKA
MOMBASA,MVITA,SHIMANZI/GANJONI
MOMBASA,MVITA,MAJENGO
KWALE,MSAMBWENI,GAMBATO BONGWE
KWALE,MSAMBWENI,UKUNDA
KWALE,MSAMBWENI,KINONDO
KWALE,MSAMBWENI,RAMISI
KWALE,LUNGA LUNGA,PONGWE/KIKOKENI
KWALE,LUNGA LUNGA,DZOMBO
KWALE,LUNGA LUNGA,MWERENI
KWALE,LUNGA LUNGA,VANGA
KWALE,MATUGA,TSIMBA GOLINI
KWALE,MATUGA,WAA
KWALE,MATUGA,TIWI
KWALE,MATUGA,KUBO SOUTH
KWALE,MATUGA,MKONGANI
KWALE,KINAGO,NDAVAYA
KWALE,KINAGO,PUMA
KWALE,KINAGO,KINANGO
KWALE,KINAGO,MACKINON ROAD
KWALE,KINAGO,CHENGONI/SAMBURU
KWALE,KINAGO,MWAVUMBO
KWALE,KINAGO,KASEMENI
KILIFI,KILIFI NORTH,TEZO
KILIFI,KILIFI NORTH,SOKONI
KILIFI,KILIFI NORTH,KIBARANI
KILIFI,KILIFI NORTH,DABASO
KILIFI,KILIFI NORTH,MATSANGONI
KILIFI,KILIFI NORTH,WATAMU
KILIFI,KILIFI NORTH,MNARANI
KILIFI,KILIFI SOUTH,JUNJU
KILIFI,KILIFI SOUTH,MWARAKAYA
KILIFI,KILIFI SOUTH,SHIMO LA TEWA
KILIFI,KILIFI SOUTH,CHASIMBA
KILIFI,KILIFI SOUTH,MTEPENI
KILIFI,KALOLENI,MARIAKANI
KILIFI,KALOLENI,KAYAFUNGO
KILIFI,KALOLENI,KALOLENI
KILIFI,KALOLENI,MWANAMWINGA
KILIFI,RABAI,MWAWESA
KILIFI,RABAI,RURUMA
KILIFI,RABAI,KAMBE/RIBE
KILIFI,RABAI,RABAI/KISURUTINI
KILIFI,GANZE,GANZE
KILIFI,GANZE,BAMBA
KILIFI,GANZE,JARIBUNI
KILIFI,GANZE,SOKOKE
KILIFI,MALINDI,JILORE
KILIFI,MALINDI,KAKUYUNI
KILIFI,MALINDI,GANDA
KILIFI,MALINDI,MALINDI TOWN
KILIFI,MALINDI,SHELLA
KILIFI,MAGARINI,MARAFA
KILIFI,MAGARINI,MAGARINI
KILIFI,MAGARINI,GONGONI
KILIFI,MAGARINI,ADU
KILIFI,MAGARINI,GARASHI
KILIFI,MAGARINI,SABAKI
TANA RIVER,GARSEN,KIPINI EAST
TANA RIVER,GARSEN,GARSEN SOUTH
TANA RIVER,GARSEN,KIPINI WEST
TANA RIVER,GARSEN,GARSEN CENTRAL
TANA RIVER,GARSEN,GARSEN WEST
TANA RIVER,GARSEN,GARSEN NORTH
TANA RIVER,GALOLE,KINAKOMBA
TANA RIVER,GALOLE,MIKINDUNI
TANA RIVER,GALOLE,CHEWANI
TANA RIVER,GALOLE,WAYU
TANA RIVER,BURA,CHEWELE
TANA RIVER,BURA,HIRIMANI
TANA RIVER,BURA,BANGALE
TANA RIVER,BURA,SALA
TANA RIVER,BURA,MADOGO
LAMU,LAMU EAST,FAZA
LAMU,LAMU EAST,KIUNGA
LAMU,LAMU EAST,BASUBA
LAMU,LAMU WEST,SHELLA
LAMU,LAMU WEST,MKOMANI
LAMU,LAMU WEST,HINDI
LAMU,LAMU WEST,MKUNUMBI
LAMU,LAMU WEST,HONGWE
LAMU,LAMU WEST,WITU
LAMU,LAMU WEST,BAHARI
TAITA-TAVETA,TAVETA,CHALA
TAITA-TAVETA,TAVETA,MAHOO
TAITA-TAVETA,TAVETA,BOMANI
TAITA-TAVETA,TAVETA,MBOGHONI
TAITA-TAVETA,TAVETA,MATA
TAITA-TAVETA,WUNDANYI,WUNDANYI/MBALE
TAITA-TAVETA,WUNDANYI,WERUGHA
TAITA-TAVETA,WUNDANYI,WUMINGU/KISHUSHE
TAITA-TAVETA,WUNDANYI,MWANDA/MGANGE
TAITA-TAVETA,MWATATE,RONGE
TAITA-TAVETA,MWATATE,MWATATE
TAITA-TAVETA,MWATATE,BURA
TAITA-TAVETA,MWATATE,CHAWIA
TAITA-TAVETA,MWATATE,WUSI/KISHAMBA
TAITA-TAVETA,VOI,MBOLOLO
TAITA-TAVETA,VOI,SAGALA
TAITA-TAVETA,VOI,KALOLENI
TAITA-TAVETA,VOI,MARUNGU
TAITA-TAVETA,VOI,KASIGAU
TAITA-TAVETA,VOI,NGOLIA
GARISSA,GARISSA TOWNSHIP,WABERI
GARISSA,GARISSA TOWNSHIP,GALBET
GARISSA,GARISSA TOWNSHIP,TOWNSHIP
GARISSA,GARISSA TOWNSHIP,IFTIN
GARISSA,BALAMBALA,BALAMBALA
GARISSA,BALAMBALA,DANYERE
GARISSA,BALAMBALA,JARAJARA
GARISSA,BALAMBALA,SAKA
GARISSA,BALAMBALA,SANKURI
GARISSA,LAGDERA,MODOGASHE
GARISSA,LAGDERA,BENANE
GARISSA,LAGDERA,GOREALE
GARISSA,LAGDERA,MAALAMIN
GARISSA,LAGDERA,SABENA
GARISSA,LAGDERA,BARAKI
GARISSA,DADAAB,DERTU
GARISSA,DADAAB,DADAAB
GARISSA,DADAAB,LABISGALE
GARISSA,DADAAB,DAMAJALE
GARISSA,DADAAB,LIBOI
GARISSA,DADAAB,ABAKAILE
GARISSA,FAFI,BURA
GARISSA,FAFI,DEKAHARIA
GARISSA,FAFI,JARAJILA
GARISSA,FAFI,FAFI
GARISSA,FAFI,NANIGHI
GARISSA,IJARA,HULUGHO
GARISSA,IJARA,SANGAILU
GARISSA,IJARA,IJARA
GARISSA,IJARA,MASALANI
WAJIR,WAJIR NORTH,GURAR
WAJIR,WAJIR NORTH,BUTE
WAJIR,WAJIR NORTH,KORONDILE
WAJIR,WAJIR NORTH,MALKAGUFU
WAJIR,WAJIR NORTH,BATALU
WAJIR,WAJIR NORTH,DANABA
WAJIR,WAJIR NORTH,GODOMA
WAJIR,WAJIR EAST,WAGBERI
WAJIR,WAJIR EAST,TOWNSHIP
WAJIR,WAJIR EAST,BARWAGO
WAJIR,WAJIR EAST,KHOROF/HARAR
WAJIR,TARBAJ,ELBEN
WAJIR,TARBAJ,SARMAN
WAJIR,TARBAJ,TARBAJ
WAJIR,TARBAJ,WARGADUD
WAJIR,WAJIR WEST,ARBAJAHAN
WAJIR,WAJIR WEST,HADADO/ATHIBOHOL
WAJIR,WAJIR WEST,ADEMASAJIDE
WAJIR,WAJIR WEST,GANYURE/WAGALLA
WAJIR,ELDAS,ELDAS
WAJIR,ELDAS,DELLA
WAJIR,ELDAS,LAKOLEY SOUTH/BASIR
WAJIR,ELDAS,ELNUR/TULA TULA
WAJIR,WAJIR SOUTH,BENANE
WAJIR,WAJIR SOUTH,BURDER
WAJIR,WAJIR SOUTH,DADAJA BULLA
WAJIR,WAJIR SOUTH,HABASSWEIN
WAJIR,WAJIR SOUTH,LAGBOGHOI SOUTH
WAJIR,WAJIR SOUTH,IBRAHIM URE
WAJIR,WAJIR SOUTH,DIIF
MANDERA,MANDERA WEST,TAKABA SOUTH
MANDERA,MANDERA WEST,TAKABA
MANDERA,MANDERA WEST,LAGSURE
MANDERA,MANDERA WEST,DANDU
MANDERA,MANDERA WEST,GITHER
MANDERA,BANISSA,BANISSA
MANDERA,BANISSA,DERKHALE
MANDERA,BANISSA,GUBA
MANDERA,BANISSA,MALKAMARI
MANDERA,BANISSA,KILWEHIRI
MANDERA,MANDERA NORTH,ASHABITO
MANDERA,MANDERA NORTH,GUTICHA
MANDERA,MANDERA NORTH,MAROTHILE
MANDERA,MANDERA NORTH,RHAMU
MANDERA,MANDERA NORTH,RHAMU DIMTU
MANDERA,MANDERA SOUTH,WARGADUD
MANDERA,MANDERA SOUTH,KUTULO
MANDERA,MANDERA SOUTH,ELWAK SOUTH
MANDERA,MANDERA SOUTH,ELWAK NORTH
MANDERA,MANDERA SOUTH,SHIMBIR FATUMA
MANDERA,MANDERA EAST,ARABIA
MANDERA,MANDERA EAST,BULLA MPYA
MANDERA,MANDERA EAST,KHALALIO
MANDERA,MANDERA EAST,NEBOI
MANDERA,MANDERA EAST,TOWNSHIP
MANDERA,LAFEY,LIBEHIA
MANDERA,LAFEY,FINO
MANDERA,LAFEY,LAFEY
MANDERA,LAFEY,WARANQARA
MANDERA,LAFEY,ALUNGO GOF
MARSABET,MOYALE,BUTIYE
MARSABET,MOYALE,SOLOLO
MARSABET,MOYALE,HEILLU/MANYATTA
MARSABET,MOYALE,GOLBO
MARSABET,MOYALE,MOYALE TOWNSHIP
MARSABET,MOYALE,URAN
MARSABET,MOYALE,OBBU
MARSABET,NORTH HORR,DUKANA
MARSABET,NORTH HORR,MAIKONA
MARSABET,NORTH HORR,TURBI
MARSABET,NORTH HORR,NORTH HORR
MARSABET,NORTH HORR,ILLERET
MARSABET,SAKU,SAGANTE/JALDESA
MARSABET,SAKU,KARARE
MARSABET,SAKU,MARSABIT CENTRAL
MARSABET,LAISAMIS,LOIYAGALANI
MARSABET,LAISAMIS,KARGI/SOUTH HORR
MARSABET,LAISAMIS,KORR/NGURUNIT
MARSABET,LAISAMIS,LOGLOGO
MARSABET,LAISAMIS,LAISAMIS
ISIOLO,ISIOLO NORTH,WABERA
ISIOLO,ISIOLO NORTH,BULLA PESA
ISIOLO,ISIOLO NORTH,CHARI
ISIOLO,ISIOLO NORTH,CHERAB
ISIOLO,ISIOLO NORTH,NGARE MARA
ISIOLO,ISIOLO NORTH,BURAT
ISIOLO,ISIOLO NORTH,OLDO/NYIRO
ISIOLO,ISIOLO SOUTH,GARBA TULLA
ISIOLO,ISIOLO SOUTH,KINNA
ISIOLO,ISIOLO SOUTH,SERICHO
MERU,IGEMBE SOUTH,MAUA
MERU,IGEMBE SOUTH,KIEGOI/ANTUBOCHIU
MERU,IGEMBE SOUTH,ATHIRU GAITI
MERU,IGEMBE SOUTH,AKACHIU
MERU,IGEMBE SOUTH,KANUNI
MERU,IGEMBE CENTRAL,AKIRANG'ONDU
MERU,IGEMBE CENTRAL,ATHIRU RUUJINE
MERU,IGEMBE CENTRAL,IGEMBE EAST
MERU,IGEMBE CENTRAL,NJIA
MERU,IGEMBE CENTRAL,KANGETA
MERU,IGEMBE NORTH,ANTUAMBUI
MERU,IGEMBE NORTH,NTUNENE
MERU,IGEMBE NORTH,ANTUBETWE KIONGO
MERU,IGEMBE NORTH,NAATHU
MERU,IGEMBE NORTH,AMWATHI
MERU,TIGANIA WEST,ATHWANA
MERU,TIGANIA WEST,AKITHII
MERU,TIGANIA WEST,KIANJAI
MERU,TIGANIA WEST,NKOMO
MERU,TIGANIA WEST,MBEU
MERU,TIGANIA EAST,THANGATHA
MERU,TIGANIA EAST,MIKINDURI
MERU,TIGANIA EAST,KINGUCHWA
MERU,TIGANIA EAST,MUTHARA
MERU,TIGANIA EAST,KARAMA
MERU,NORTH IMENTI,MUNICIPALITY
MERU,NORTH IMENTI,NTIMA EAST
MERU,NORTH IMENTI,NTIMA WEST
MERU,NORTH IMENTI,NYAKI WEST
MERU,NORTH IMENTI,NYAKI EAST
MERU,BUURI,TIMAU
MERU,BUURI,KISIMA
MERU,BUURI,KIIRAU/NAARI
MERU,BUURI,RUIRU/RWAWERA
MERU,CENTRAL IMENTI,MWANGATHIA
MERU,CENTRAL IMENTI,ABOTHUGUCHI CENTRAL
MERU,CENTRAL IMENTI,ABOTHUGUCHI WEST
MERU,CENTRAL IMENTI,KIAGU
MERU,BUURI,KIBIRICHIA
MERU,SOUTH IMENTI,MITUNGUU
MERU,SOUTH IMENTI,IGOJI EAST
MERU,SOUTH IMENTI,IGOJI WEST
MERU,SOUTH IMENTI,ABOGETA EAST
MERU,SOUTH IMENTI,ABOGETA WEST
MERU,SOUTH IMENTI,NKUENE
THARAKA-NITHI,MAARA,MITHERU
THARAKA-NITHI,MAARA,MUTHAMBI
THARAKA-NITHI,MAARA,MWIMBI
THARAKA-NITHI,MAARA,GANGA
THARAKA-NITHI,MAARA,CHOGORIA
THARAKA-NITHI,CHUKA/IGAMBANG'OMBE,MARIANI
THARAKA-NITHI,CHUKA/IGAMBANG'OMBE,KARINGANI
THARAKA-NITHI,CHUKA/IGAMBANG'OMBE,MAGUMONI
THARAKA-NITHI,CHUKA/IGAMBANG'OMBE,MUGWE
THARAKA-NITHI,CHUKA/IGAMBANG'OMBE,IGAMBANG'OMBE
THARAKA-NITHI,THARAKA,GATUNGA
THARAKA-NITHI,THARAKA,MUKOTHIMA
THARAKA-NITHI,THARAKA,NKONDI
THARAKA-NITHI,THARAKA,CHIAKAGIRA
THARAKA-NITHI,THARAKA,MARIMANTI
EMBU,MANYATTA,RUGURU-NGANDORI
EMBU,MANYATTA,KITHIMU
EMBU,MANYATTA,NGINDA
EMBU,MANYATTA,MBETI NORTH
EMBU,MANYATTA,KIRIMARI
EMBU,MANYATTA,GATURI SOUTH
EMBU,RUNYENJES,GATURI NORTH
EMBU,RUNYENJES,KAAGARI SOUTH
EMBU,RUNYENJES,CENTRAL
EMBU,RUNYENJES,KAAGARI NORTH
EMBU,RUNYENJES,KYENI NORTH
EMBU,RUNYENJES,KYENI SOUTH
EMBU,MBEERE SOUTH,MWEA
EMBU,MBEERE SOUTH,MAKIMA
EMBU,MBEERE SOUTH,MBETI SOUTH
EMBU,MBEERE SOUTH,MAVURIA
EMBU,MBEERE SOUTH,KIAMBERE
EMBU,MBEERE NORTH,NTHAWA
EMBU,MBEERE NORTH,MUMINJI
EMBU,MBEERE NORTH,EVURORE
KITUI,MWINGI NORTH,NGOMENI
KITUI,MWINGI NORTH,KYUSO
KITUI,MWINGI NORTH,MUMONI
KITUI,MWINGI NORTH,TSEIKURU
KITUI,MWINGI NORTH,THARAKA
KITUI,MWINGI WEST,KYOME/THAANA
KITUI,MWINGI WEST,NGUUTANI
KITUI,MWINGI WEST,MIGWANI
KITUI,MWINGI WEST,KIOMO/KYETHANI
KITUI,MWINGI CENTRAL,CENTRAL
KITUI,MWINGI CENTRAL,KIVOU
KITUI,MWINGI CENTRAL,NGUNI
KITUI,MWINGI CENTRAL,NUU
KITUI,MWINGI CENTRAL,MUI
KITUI,MWINGI CENTRAL,WAITA
KITUI,KITUI WEST,MUTONGONI
KITUI,KITUI WEST,KAUWI
KITUI,KITUI WEST,MATINYANI
KITUI,KITUI WEST,KWAMUTONGA/KITHUMULA
KITUI,KITUI RURAL,KISASI
KITUI,KITUI RURAL,MBITINI
KITUI,KITUI RURAL,KWAVONZA/YATTA
KITUI,KITUI RURAL,KANYANGI
KITUI,KITUI CENTRAL,MIAMBANI
KITUI,KITUI CENTRAL,TOWNSHIP
KITUI,KITUI CENTRAL,KYANGWITHYA WEST
KITUI,KITUI CENTRAL,MULANGO
KITUI,KITUI CENTRAL,KYANGWITHYA EAST
KITUI,KITUI EAST,ZOMBE/MWITIKA
KITUI,KITUI EAST,NZAMBANI
KITUI,KITUI EAST,CHULUNI
KITUI,KITUI EAST,VOO/KYAMATU
KITUI,KITUI EAST,ENDAU/MALALANI
KITUI,KITUI EAST,MUTITU/KALIKU
KITUI,KITUI SOUTH,IKANGA/KYATUNE
KITUI,KITUI SOUTH,MUTOMO
KITUI,KITUI SOUTH,MUTHA
KITUI,KITUI SOUTH,IKUTHA
KITUI,KITUI SOUTH,KANZIKO
KITUI,KITUI SOUTH,ATHI
MACHAKOS,MASINGA,KIVAA
MACHAKOS,MASINGA,MASINGA CENTRAL
MACHAKOS,MASINGA,EKALAKALA
MACHAKOS,MASINGA,MUTHESYA
MACHAKOS,MASINGA,NDITHINI
MACHAKOS,YATTA,NDALANI
MACHAKOS,YATTA,MATUU
MACHAKOS,YATTA,KITHIMANI
MACHAKOS,YATTA,IKOMBE
MACHAKOS,YATTA,KATANGI
MACHAKOS,KANGUNDO,KANGUNDO NORTH
MACHAKOS,KANGUNDO,KANGUNDO CENTRAL
MACHAKOS,KANGUNDO,KANGUNDO EAST
MACHAKOS,KANGUNDO,KANGUNDO WEST
MACHAKOS,MATUNGULU,TALA
MACHAKOS,MATUNGULU,MATUNGULU NORTH
MACHAKOS,MATUNGULU,MATUNGULU EAST
MACHAKOS,MATUNGULU,MATUNGULU WEST
MACHAKOS,MATUNGULU,KYELENI
MACHAKOS,KATHIANI,MITAMBONI
MACHAKOS,KATHIANI,KATHIANI CENTRAL
MACHAKOS,KATHIANI,UPPER KAEWA/IVETI
MACHAKOS,KATHIANI,LOWER KAEWA/KAANI
MACHAKOS,MAVOKO,ATHI RIVER
MACHAKOS,MAVOKO,KINANIE
MACHAKOS,MAVOKO,MUTHWANI
MACHAKOS,MAVOKO,SYOKIMAU/MULOLONGO
MACHAKOS,MACHAKOS TOWN,KALAMA
MACHAKOS,MACHAKOS TOWN,MUA
MACHAKOS,MACHAKOS TOWN,MUTITUNI
MACHAKOS,MACHAKOS TOWN,MACHAKOS CENTRAL
MACHAKOS,MACHAKOS TOWN,MUMBUNI NORTH
MACHAKOS,MACHAKOS TOWN,MUVUTI/KIIMA-KIMWE
MACHAKOS,MACHAKOS TOWN,KOLA
MACHAKOS,MWALA,MBIUNI
MACHAKOS,MWALA,MAKUTANO/MWALA
MACHAKOS,MWALA,MASII
MACHAKOS,MWALA,MUTHETHENI
MACHAKOS,MWALA,WAMUNYU
MACHAKOS,MWALA,KIBAUNI
MAKUENI,MBOONI,TULIMANI
MAKUENI,MBOONI,MBOONI
MAKUENI,MBOONI,KITHUNGO/KITUNDU
MAKUENI,MBOONI,KITETA-KISAU
MAKUENI,MBOONI,WAIA-KAKO
MAKUENI,MBOONI,KALAWA
MAKUENI,KILOME,KASIKEU
MAKUENI,KILOME,MUKAA
MAKUENI,KILOME,KIMA KIU/KALANZONI
MAKUENI,KAITI,UKIA
MAKUENI,KAITI,KEE
MAKUENI,KAITI,KILUNGU
MAKUENI,KAITI,ILIMA
MAKUENI,MAKUENI,WOTE
MAKUENI,MAKUENI,MUVAU/KIKUMINI
MAKUENI,MAKUENI,MAVINDINI
MAKUENI,MAKUENI,KITISE/KITHUKI
MAKUENI,MAKUENI,KATHONZWENI
MAKUENI,MAKUENI,NZAUI/KILILI/KALAMBA
MAKUENI,MAKUENI,MBITINI
MAKUENI,KIBWEZI WEST,MAKINDU
MAKUENI,KIBWEZI WEST,NGUUMO
MAKUENI,KIBWEZI WEST,KIKUMBULYU NORTH
MAKUENI,KIBWEZI WEST,KIKUMBULYU SOUTH
MAKUENI,KIBWEZI WEST,NGUU/MASUMBA
MAKUENI,KIBWEZI WEST,EMALI/MULALA
MAKUENI,KIBWEZI EAST,MASONGALENI
MAKUENI,KIBWEZI EAST,MTITO ANDEI
MAKUENI,KIBWEZI EAST,THANGE
MAKUENI,KIBWEZI EAST,IVINGONI/NZAMBANI
NYANDARUA,KINANGOP,ENGINEER
NYANDARUA,KINANGOP,GATHARA
NYANDARUA,KINANGOP,NORTH KINANGOP
NYANDARUA,KINANGOP,MURUNGARU
NYANDARUA,KINANGOP,NJABANI/KIBURU
NYANDARUA,KINANGOP,NYAKIO
NYANDARUA,KINANGOP,GITHABAI
NYANDARUA,KINANGOP,MAGUMU
NYANDARUA,KIPIPIRI,WANJOHI
NYANDARUA,KIPIPIRI,KIPIPIRI
NYANDARUA,KIPIPIRI,GETA
NYANDARUA,KIPIPIRI,GITHIORO
NYANDARUA,OL KALOU,KARAU
NYANDARUA,OL KALOU,KANJUIRI RANGE
NYANDARUA,OL KALOU,MIRANGINE
NYANDARUA,OL KALOU,KAIMBAGA
NYANDARUA,OL KALOU,RURII
NYANDARUA,OL JORO OROK,GATHANJI
NYANDARUA,OL JORO OROK,GATIMU
NYANDARUA,OL JORO OROK,WERU
NYANDARUA,OL JORO OROK,CHARAGITA
NYANDARUA,NDARAGWA,LESHAU/PONDO
NYANDARUA,NDARAGWA,KIRITTA
NYANDARUA,NDARAGWA,CENTRAL
NYANDARUA,NDARAGWA,SHAMATA
NYERI,TETU,DEDAN KIMATHI
NYERI,TETU,WAMAGANA
NYERI,TETU,AGUTHI-GAAKI
NYERI,KIENI,MWEIGA
NYERI,KIENI,NAROMORU/KIAMATHAGA
NYERI,KIENI,MWIYOGO/ENDARASHA
NYERI,KIENI,MUGUNDA
NYERI,KIENI,GATARAKWA
NYERI,KIENI,THEGU RIVER
NYERI,KIENI,KABARU
NYERI,KIENI,GAKAWA
NYERI,MATHIRA,RUGURU
NYERI,MATHIRA,MAGUTU
NYERI,MATHIRA,IRIAINI
NYERI,MATHIRA,KONYU
NYERI,MATHIRA,KIRIMUKUYU
NYERI,MATHIRA,KARATINA TOWN
NYERI,OTHAYA,MAHIGA
NYERI,OTHAYA,IRIA-INI
NYERI,OTHAYA,CHINGA
NYERI,OTHAYA,KARIMA
NYERI,MUKURWENI,GIKONDI
NYERI,MUKURWENI,RUGI
NYERI,MUKURWENI,MUKURWE-INI WEST
NYERI,MUKURWENI,MUKURWE-INI EAST
NYERI,NYERI TOWN,KIGANJO/MATHARI
NYERI,NYERI TOWN,RWARE
NYERI,NYERI TOWN,GATITU/MURUGURU
NYERI,NYERI TOWN,RURING'U
NYERI,NYERI TOWN,KAMAKWA/MUKARO
KIRINYAGA,MWEA,MUTITHI
KIRINYAGA,MWEA,KANGAI
KIRINYAGA,MWEA,THIBA
KIRINYAGA,MWEA,WAMUMU
KIRINYAGA,MWEA,NYANGUTI
KIRINYAGA,MWEA,MURINDUKO
KIRINYAGA,MWEA,GATHIGIRIRI
KIRINYAGA,MWEA,TEBERE
KIRINYAGA,GICHUGU,KABARE
KIRINYAGA,GICHUGU,BARAGWI
KIRINYAGA,GICHUGU,NJUKIINE
KIRINYAGA,GICHUGU,NGARIAMA
KIRINYAGA,GICHUGU,KARUMANDI
KIRINYAGA,NDIA,MUKURE
KIRINYAGA,NDIA,KIINE
KIRINYAGA,NDIA,KARITI
KIRINYAGA,KIRINYAGA CENTRAL,MUTIRA
KIRINYAGA,KIRINYAGA CENTRAL,KANYEKINI
KIRINYAGA,KIRINYAGA CENTRAL,KERUGOYA
KIRINYAGA,KIRINYAGA CENTRAL,INOI
MURANGA,KANGEMA,KANYENYA-INI
MURANGA,KANGEMA,MUGURU
MURANGA,KANGEMA,RWATHIA
MURANGA,MATHIOYA,GITUGI
MURANGA,MATHIOYA,KIRU
MURANGA,MATHIOYA,KAMACHARIA
MURANGA,KIHARU,WANGU
MURANGA,KIHARU,MUGOIRI
MURANGA,KIHARU,MBIRI
MURANGA,KIHARU,TOWNSHIP
MURANGA,KIHARU,MURARANDIA
MURANGA,KIHARU,GATURI
MURANGA,KIGUMO,KAHUMBU
MURANGA,KIGUMO,MUTHITHI
MURANGA,KIGUMO,KIGUMO
MURANGA,KIGUMO,KANGARI
MURANGA,KIGUMO,KINYONA
MURANGA,MARAGWA,KIMORORI/WEMPA
MURANGA,MARAGWA,MAKUYU
MURANGA,MARAGWA,KAMBITI
MURANGA,MARAGWA,KAMAHUHU
MURANGA,MARAGWA,ICHAGAKI
MURANGA,MARAGWA,NGINDA
MURANGA,KANDARA,NG'ARARIA
MURANGA,KANDARA,MURUKA
MURANGA,KANDARA,KAGUNDU-INI
MURANGA,KANDARA,GAICHANJIRU
MURANGA,KANDARA,ITHIRU
MURANGA,KANDARA,RUCHU
MURANGA,GATANGA,ITHANGA
MURANGA,GATANGA,KAKUZI/MITUBIRI
MURANGA,GATANGA,MUGUMO-INI
MURANGA,GATANGA,KIHUMBU-INI
MURANGA,GATANGA,GATANGA
MURANGA,GATANGA,KARIARA
KIAMBU,GATUNDU SOUTH,KIAMWANGI
KIAMBU,GATUNDU SOUTH,KIGANJO
KIAMBU,GATUNDU SOUTH,NDARUGO
KIAMBU,GATUNDU SOUTH,NGENDA
KIAMBU,GATUNDU NORTH,GITUAMBA
KIAMBU,GATUNDU NORTH,GITHOBOKONI
KIAMBU,GATUNDU NORTH,CHANIA
KIAMBU,GATUNDU NORTH,MANG'U
KIAMBU,JUJA,MURERA
KIAMBU,JUJA,THETA
KIAMBU,JUJA,JUJA
KIAMBU,JUJA,WITEITHIE
KIAMBU,JUJA,KALIMONI
KIAMBU,THIKA TOWN,TOWNSHIP
KIAMBU,THIKA TOWN,KAMENU
KIAMBU,THIKA TOWN,HOSPITAL
KIAMBU,THIKA TOWN,GATUANYAGA
KIAMBU,THIKA TOWN,NGOLIBA
KIAMBU,RUIRU,GITOTHUA
KIAMBU,RUIRU,BIASHARA
KIAMBU,RUIRU,GATONGORA
KIAMBU,RUIRU,KAHAWA/SUKARI
KIAMBU,RUIRU,KAHAWA WENDANI
KIAMBU,RUIRU,KIUU
KIAMBU,RUIRU,MWIKI
KIAMBU,RUIRU,MWIHOKO
KIAMBU,GITHUNGURI,GITHUNGURI
KIAMBU,GITHUNGURI,GITHIGA
KIAMBU,GITHUNGURI,IKINU
KIAMBU,GITHUNGURI,NGEWA
KIAMBU,GITHUNGURI,KOMOTHAI
KIAMBU,KIAMBU,TING'ANG'A
KIAMBU,KIAMBU,NDUMBERI
KIAMBU,KIAMBU,RIABAI
KIAMBU,KIAMBU,TOWNSHIP
KIAMBU,KIAMBAA,CIANDA
KIAMBU,KIAMBAA,KARURI
KIAMBU,KIAMBAA,NDENDERU
KIAMBU,KIAMBAA,MUCHATHA
KIAMBU,KIAMBAA,KIHARA
KIAMBU,KABETE,GITARU
KIAMBU,KABETE,MUGUGA
KIAMBU,KABETE,NYADHUNA
KIAMBU,KABETE,KABETE
KIAMBU,KABETE,UTHIRU
KIAMBU,KIKUYU,KARAI
KIAMBU,KIKUYU,NACHU
KIAMBU,KIKUYU,SIGONA
KIAMBU,KIKUYU,KIKUYU
KIAMBU,KIKUYU,KINOO
KIAMBU,LIMURU,BIBIRIONI
KIAMBU,LIMURU,LIMURU CENTRAL
KIAMBU,LIMURU,NDEIYA
KIAMBU,LIMURU,LIMURU EAST
KIAMBU,LIMURU,NGECHA TIGONI
KIAMBU,LARI,KINALE
KIAMBU,LARI,KIJABE
KIAMBU,LARI,NYANDUMA
KIAMBU,LARI,KAMBURU
KIAMBU,LARI,LARI/KIRENGA
TURKANA,TURKANA NORTH,KAERIS
TURKANA,TURKANA NORTH,LAKEZONE
TURKANA,TURKANA NORTH,LAPUR
TURKANA,TURKANA NORTH,KAALENG/KAIKOR
TURKANA,TURKANA NORTH,KIBISH
TURKANA,TURKANA NORTH,NAKALALE
TURKANA,TURKANA WEST,KAKUMA
TURKANA,TURKANA WEST,LOPUR
TURKANA,TURKANA WEST,LETEA
TURKANA,TURKANA WEST,SONGOT
TURKANA,TURKANA WEST,KALOBEYEI
TURKANA,TURKANA WEST,LOKICHOGGIO
TURKANA,TURKANA WEST,NANAAM
TURKANA,TURKANA CENTRAL,KERIO DELTA
TURKANA,TURKANA CENTRAL,KANG'ATOTHA
TURKANA,TURKANA CENTRAL,KALOKOL
TURKANA,TURKANA CENTRAL,LODWAR TOWNSHIP
TURKANA,TURKANA CENTRAL,KANAMKEMER
TURKANA,LOIMA,KOTARUK/LOBEI
TURKANA,LOIMA,TURKWEL
TURKANA,LOIMA,LOIMA
TURKANA,LOIMA,LOKIRIAMA/LORENGIPPI
TURKANA,TURKANA SOUTH,KAPUTIR
TURKANA,TURKANA SOUTH,KATILU
TURKANA,TURKANA SOUTH,LOBOKAT
TURKANA,TURKANA SOUTH,KALAPATA
TURKANA,TURKANA SOUTH,LOKICHAR
TURKANA,TURKANA EAST,KAPEDO/NAPEITOM
TURKANA,TURKANA EAST,KATILIA
TURKANA,TURKANA EAST,LOKORI/KOCHODIN
WEST POKOT,KAPENGURIA,RIWO
WEST POKOT,KAPENGURIA,KAPENGURIA
WEST POKOT,KAPENGURIA,MNAGEI
WEST POKOT,KAPENGURIA,SIYOI
WEST POKOT,KAPENGURIA,ENDUGH
WEST POKOT,KAPENGURIA,SOOK
WEST POKOT,SIGOR,SEKERR
WEST POKOT,SIGOR,MASOOL
WEST POKOT,SIGOR,LOMUT
WEST POKOT,SIGOR,WEI WEI
WEST POKOT,KACHELIBA,SUAM
WEST POKOT,KACHELIBA,KODICH
WEST POKOT,KACHELIBA,KASEI
WEST POKOT,KACHELIBA,KAPCHOK
WEST POKOT,KACHELIBA,KIWAWA
WEST POKOT,KACHELIBA,ALALE
WEST POKOT,POKOT SOUTH,CHEPARERIA
WEST POKOT,POKOT SOUTH,BATEI
WEST POKOT,POKOT SOUTH,LELAN
WEST POKOT,POKOT SOUTH,TAPACH
SAMBURU,SAMBURU WEST,LODOKEJEK
SAMBURU,SAMBURU WEST,SAGUTA MARMAR
SAMBURU,SAMBURU WEST,MARALAL
SAMBURU,SAMBURU WEST,LOOSUK
SAMBURU,SAMBURU WEST,PORRO
SAMBURU,SAMBURU NORTH,EL-BARTA
SAMBURU,SAMBURU NORTH,NACHOLA
SAMBURU,SAMBURU NORTH,NDOTO
SAMBURU,SAMBURU NORTH,NYIRO
SAMBURU,SAMBURU NORTH,ANGATA NAYOKIE
SAMBURU,SAMBURU NORTH,BAAWA
SAMBURU,SAMBURU EAST,WASO
SAMBURU,SAMBURU EAST,WAMBA WEST
SAMBURU,SAMBURU EAST,WAMBA EAST
SAMBURU,SAMBURU EAST,WAMBA NORTH
TRANS NZOIA,KWANZA,KAPOMBOI
TRANS NZOIA,KWANZA,KWANZA
TRANS NZOIA,KWANZA,KEIYO
TRANS NZOIA,KWANZA,BIDII
TRANS NZOIA,ENDEBESS,CHEPCHOINA
TRANS NZOIA,ENDEBESS,ENDEBESS
TRANS NZOIA,ENDEBESS,MATUMBEI
TRANS NZOIA,SABOTI,KINYORO
TRANS NZOIA,SABOTI,MATISI
TRANS NZOIA,SABOTI,TUWANI
TRANS NZOIA,SABOTI,SABOTI
TRANS NZOIA,SABOTI,MACHEWA
TRANS NZOIA,KIMININI,KIMININI
TRANS NZOIA,KIMININI,WAITALUK
TRANS NZOIA,KIMININI,SIRENDE
TRANS NZOIA,KIMININI,HOSPITAL
TRANS NZOIA,KIMININI,SIKHENDU
TRANS NZOIA,KIMININI,NABISWA
TRANS NZOIA,CHERANGANY,SINYERERE
TRANS NZOIA,CHERANGANY,MAKUTANO
TRANS NZOIA,CHERANGANY,KAPLAMAI
TRANS NZOIA,CHERANGANY,MOTOSIET
TRANS NZOIA,CHERANGANY,CHERANGANY/SUWERWA
TRANS NZOIA,CHERANGANY,CHEPSIRO/KIPTOROR
TRANS NZOIA,CHERANGANY,SITATUNGA
UASIN GISHU,SOY,MOI'S BRIDGE
UASIN GISHU,SOY,KAPKURES
UASIN GISHU,SOY,ZIWA
UASIN GISHU,SOY,SEGEROI/BARSOMBE
UASIN GISHU,SOY,KIPSOMBA
UASIN GISHU,SOY,SOY
UASIN GISHU,SOY,KUINET/KAPSUSWA
UASIN GISHU,TURBO,NGENYILEL
UASIN GISHU,TURBO,TAPSAGOI
UASIN GISHU,TURBO,KAMAGUT
UASIN GISHU,TURBO,KIPLOMBE
UASIN GISHU,TURBO,KAPSAOS
UASIN GISHU,TURBO,HURUMA
UASIN GISHU,MOIBEN,TEMBELIO
UASIN GISHU,MOIBEN,SERGOIT
UASIN GISHU,MOIBEN,KARUNA/MEIBEKI
UASIN GISHU,MOIBEN,MOIBEN
UASIN GISHU,MOIBEN,KIMUMU
UASIN GISHU,AINABKOI,KAPSOYA
UASIN GISHU,AINABKOI,KAPTAGAT
UASIN GISHU,AINABKOI,AINABKOI/OLARE
UASIN GISHU,KAPSERET,SIMAT/KAPSERET
UASIN GISHU,KAPSERET,KIPKENYO
UASIN GISHU,KAPSERET,NGERIA
UASIN GISHU,KAPSERET,MEGUN
UASIN GISHU,KAPSERET,LANGAS
UASIN GISHU,KESSES,RACECOURSE
UASIN GISHU,KESSES,CHEPTIRET/KIPCHAMO
UASIN GISHU,KESSES,TULWET/CHIYAT
UASIN GISHU,KESSES,TARAKWA
ELGEYO MARAKWET,MARAKWET EAST,KAPYEGO
ELGEYO MARAKWET,MARAKWET EAST,SAMBIRIR
ELGEYO MARAKWET,MARAKWET EAST,ENDO
ELGEYO MARAKWET,MARAKWET EAST,EMBOBUT/EMBULOT
ELGEYO MARAKWET,MARAKWET WEST,LELAN
ELGEYO MARAKWET,MARAKWET WEST,SENGWER
ELGEYO MARAKWET,MARAKWET WEST,CHERANG'ANY/CHEBORORWA
ELGEYO MARAKWET,MARAKWET WEST,MOIBEN/KUSERWO
ELGEYO MARAKWET,MARAKWET WEST,KAPSOWAR
ELGEYO MARAKWET,MARAKWET WEST,ARROR
ELGEYO MARAKWET,KEIYO NORTH,KAMARINY
ELGEYO MARAKWET,KEIYO NORTH,EMSOO
ELGEYO MARAKWET,KEIYO NORTH,TAMBACH
ELGEYO MARAKWET,KEIYO NORTH,KAPCHEMUTWA
ELGEYO MARAKWET,KEIYO SOUTH,KAPTARAKWA
ELGEYO MARAKWET,KEIYO SOUTH,CHEPKORIO
ELGEYO MARAKWET,KEIYO SOUTH,SOY NORTH
ELGEYO MARAKWET,KEIYO SOUTH,SOY SOUTH
ELGEYO MARAKWET,KEIYO SOUTH,KABIEMIT
ELGEYO MARAKWET,KEIYO SOUTH,METKEI
NANDI,TINDERET,SONGHOR/SOBA
NANDI,TINDERET,TINDERET
NANDI,TINDERET,CHEMELIL/CHEMASE
NANDI,TINDERET,KAPSIMWOTWO
NANDI,ALDAI,KABWARENG
NANDI,ALDAI,TERIK
NANDI,ALDAI,KEMELOI-MARABA
NANDI,ALDAI,KOBUJOI
NANDI,ALDAI,KAPTUMO/KABOI
NANDI,ALDAI,KOYO/NDURIO
NANDI,NANDI HILLS,NANDI HILLS
NANDI,NANDI HILLS,CHEPKUNYUK
NANDI,NANDI HILLS,OL'LESSOS
NANDI,NANDI HILLS,KAPCHORUA
NANDI,CHESUMEI,CHEMUNDU/KAPNG'ETUNYI
NANDI,CHESUMEI,KOSIRAI
NANDI,CHESUMEI,LELMOKO/NGECHEK
NANDI,CHESUMEI,KAPTEL/KAMOIYWO
NANDI,CHESUMEI,KIPTUIYA
NANDI,EMGWEN,CHEPKUMIA
NANDI,EMGWEN,KAPKANGANI
NANDI,EMGWEN,KAPSABET
NANDI,EMGWEN,KILIBWONI
NANDI,MOSOP,CHEPTERWAI
NANDI,MOSOP,KIPKAREN
NANDI,MOSOP,KURGUNG/SURUNGAI
NANDI,MOSOP,KABIYET
NANDI,MOSOP,NDALAT
NANDI,MOSOP,KABISAGA
NANDI,MOSOP,SANGALO/KEBULONIK
BARINGO,TIATY,TIRIOKO
BARINGO,TIATY,KOLOWA
BARINGO,TIATY,RIBKWO
BARINGO,TIATY,SILALE
BARINGO,TIATY,LOIYAMOROK
BARINGO,TIATY,TANGULBEI/KOROSSI
BARINGO,TIATY,CHURO/AMAYA
BARINGO,BARINGO NORTH,BARWESSA
BARINGO,BARINGO NORTH,KABARTONJO
BARINGO,BARINGO NORTH,SAIMOI/KIPSARAMAN
BARINGO,BARINGO NORTH,SAIMO/SOI
BARINGO,BARINGO NORTH,BARTABWA
BARINGO,BARINGO CENTRAL,KABARNET
BARINGO,BARINGO CENTRAL,SACHO
BARINGO,BARINGO CENTRAL,TENGES
BARINGO,BARINGO CENTRAL,EWALEL/CHAPCHAP
BARINGO,BARINGO CENTRAL,KAPROPITA
BARINGO,BARINGO SOUTH,MARIGAT
BARINGO,BARINGO SOUTH,IICHAMUS
BARINGO,BARINGO SOUTH,MOCHONGOI
BARINGO,BARINGO SOUTH,MUKUTANI
BARINGO,MOGOTIO,MOGOTIO
BARINGO,MOGOTIO,EMINING
BARINGO,MOGOTIO,KISANANA
BARINGO,ELDAMA RAVINE,LEMBUS
BARINGO,ELDAMA RAVINE,LEMBUS KWEN
BARINGO,ELDAMA RAVINE,RAVINE
BARINGO,ELDAMA RAVINE,MUMBERES/MAJI MAZURI
BARINGO,ELDAMA RAVINE,LEMBUS/PERKERRA
BARINGO,ELDAMA RAVINE,KOIBATEK
LAIKIPIA,LAIKIPIA WEST,OL-MORAN
LAIKIPIA,LAIKIPIA WEST,RUMURUTI TOWNSHIP
LAIKIPIA,LAIKIPIA WEST,GITHIGA
LAIKIPIA,LAIKIPIA WEST,MARMANET
LAIKIPIA,LAIKIPIA WEST,IGWAMITI
LAIKIPIA,LAIKIPIA WEST,SALAMA
LAIKIPIA,LAIKIPIA EAST,NGOBIT
LAIKIPIA,LAIKIPIA EAST,TIGITHI
LAIKIPIA,LAIKIPIA EAST,THINGITHU
LAIKIPIA,LAIKIPIA EAST,NANYUKI
LAIKIPIA,LAIKIPIA EAST,UMANDE
LAIKIPIA,LAIKIPIA NORTH,SOSIAN
LAIKIPIA,LAIKIPIA NORTH,SEGERA
LAIKIPIA,LAIKIPIA NORTH,MUGOGODO WEST
LAIKIPIA,LAIKIPIA NORTH,MUGOGODO EAST
NAKURU,MOLO,MARIASHONI
NAKURU,MOLO,ELBURGON
NAKURU,MOLO,TURI
NAKURU,MOLO,MOLO
NAKURU,NJORO,MAU NAROK
NAKURU,NJORO,MAUCHE
NAKURU,NJORO,KIHINGO
NAKURU,NJORO,NESUIT
NAKURU,NJORO,LARE
NAKURU,NJORO,NJORO
NAKURU,NAIVASHA,BIASHARA
NAKURU,NAIVASHA,HELLSGATE
NAKURU,NAIVASHA,LAKE VIEW
NAKURU,NAIVASHA,MAI MAHIU
NAKURU,NAIVASHA,MAEILLA
NAKURU,NAIVASHA,OLKARIA
NAKURU,NAIVASHA,NAIVASHA EAST
NAKURU,NAIVASHA,VIWANDA
NAKURU,GILGIL,GILGIL
NAKURU,GILGIL,ELEMENTAITA
NAKURU,GILGIL,MBARUK/EBURU
NAKURU,GILGIL,MALEWA WEST
NAKURU,GILGIL,MURINDAT
NAKURU,KURESOI SOUTH,AMALO
NAKURU,KURESOI SOUTH,KERINGET
NAKURU,KURESOI SOUTH,KIPTAGICH
NAKURU,KURESOI SOUTH,TINET
NAKURU,KURESOI NORTH,KIPTORORO
NAKURU,KURESOI NORTH,NYOTA
NAKURU,KURESOI NORTH,SIRIKWA
NAKURU,KURESOI NORTH,KAMARA
NAKURU,SUBUKIA,SUBUKIA
NAKURU,SUBUKIA,WASEGES
NAKURU,SUBUKIA,KABAZI
NAKURU,RONGAI,MENENGAI WEST
NAKURU,RONGAI,SOIN
NAKURU,RONGAI,VISOI
NAKURU,RONGAI,MOSOP
NAKURU,RONGAI,SOLAI
NAKURU,BAHATI,DUNDORI
NAKURU,BAHATI,KABATINI
NAKURU,BAHATI,KIAMAINA
NAKURU,BAHATI,LANET/UMOJA
NAKURU,BAHATI,BAHATI
NAKURU,NAKURU TOWN WEST,BARUT
NAKURU,NAKURU TOWN WEST,LONDON
NAKURU,NAKURU TOWN WEST,KAPTEMBWO
NAKURU,NAKURU TOWN WEST,KAPKURES
NAKURU,NAKURU TOWN WEST,RHODA
NAKURU,NAKURU TOWN WEST,SHAABAB
NAKURU,NAKURU TOWN EAST,BIASHARA
NAKURU,NAKURU TOWN EAST,KIVUMBUNI
NAKURU,NAKURU TOWN EAST,FLAMINGO
NAKURU,NAKURU TOWN EAST,MENENGAI
NAKURU,NAKURU TOWN EAST,NAKURU EAST
NAROK,KILGORIS,KILGORIS CENTRAL
NAROK,KILGORIS,KEYIAN
NAROK,KILGORIS,ANGATA BARIKOI
NAROK,KILGORIS,SHANKOE
NAROK,KILGORIS,KIMINTET
NAROK,KILGORIS,LOLGORIAN
NAROK,EMURUA DIKIRR,IIKERIN
NAROK,EMURUA DIKIRR,OLOLMASANI
NAROK,EMURUA DIKIRR,MOGONDO
NAROK,EMURUA DIKIRR,KAPSASIAN
NAROK,NAROK NORTH,OLPOSIMORU
NAROK,NAROK NORTH,OLOKURTO
NAROK,NAROK NORTH,NAROK TOWN
NAROK,NAROK NORTH,NKARETA
NAROK,NAROK NORTH,OLORROPIL
NAROK,NAROK NORTH,MELILI
NAROK,NAROK EAST,MOSIRO
NAROK,NAROK EAST,ILDAMAT
NAROK,NAROK EAST,KEEKONYOKIE
NAROK,NAROK EAST,SUSWA
NAROK,NAROK SOUTH,MAJI MOTO/NAROOSURA
NAROK,NAROK SOUTH,OLOLULUNG'A
NAROK,NAROK SOUTH,MELELO
NAROK,NAROK SOUTH,LOITA
NAROK,NAROK SOUTH,SOGOO
NAROK,NAROK SOUTH,SAGAMIAN
NAROK,NAROK WEST,ILMOTIOOK
NAROK,NAROK WEST,MARA
NAROK,NAROK WEST,SIANA
NAROK,NAROK WEST,NAIKARRA
KAJIADO,KAJIADO NORTH,OLKERI
KAJIADO,KAJIADO NORTH,ONGATA RONGAI
KAJIADO,KAJIADO NORTH,NKAIMURUNYA
KAJIADO,KAJIADO NORTH,OLOOLUA
KAJIADO,KAJIADO NORTH,NGONG
KAJIADO,KAJIADO CENTRAL,PURKO
KAJIADO,KAJIADO CENTRAL,ILDAMAT
KAJIADO,KAJIADO CENTRAL,DALALEKUTUK
KAJIADO,KAJIADO CENTRAL,MATAPATO NORTH
KAJIADO,KAJIADO CENTRAL,MATAPATO SOUTH
KAJIADO,KAJIADO EAST,KAPUTIEI NORTH
KAJIADO,KAJIADO EAST,KITENGELA
KAJIADO,KAJIADO EAST,OLOOSIRKON/SHOLINKE
KAJIADO,KAJIADO EAST,KENYAWA-POKA
KAJIADO,KAJIADO EAST,IMARORO
KAJIADO,KAJIADO WEST,KEEKONYOKIE
KAJIADO,KAJIADO WEST,ILOODOKILANI
KAJIADO,KAJIADO WEST,MAGADI
KAJIADO,KAJIADO WEST,EWUASO OO NKIDONG'I
KAJIADO,KAJIADO WEST,MOSIRO
KAJIADO,KAJIADO SOUTH,ENTONET/LENKISM
KAJIADO,KAJIADO SOUTH,IMBRIKANI/ESELELNKEI
KAJIADO,KAJIADO SOUTH,KUKU
KAJIADO,KAJIADO SOUTH,ROMBO
KAJIADO,KAJIADO SOUTH,KIMANA
KERICHO,KIPKELION EAST,LONDIANI
KERICHO,KIPKELION EAST,KEDOWA/KIMUGUL
KERICHO,KIPKELION EAST,CHEPSEON
KERICHO,KIPKELION EAST,TENDENO/SORGET
KERICHO,KIPKELION WEST,KUNYAK
KERICHO,KIPKELION WEST,KAMASIAN
KERICHO,KIPKELION WEST,KIPKELION
KERICHO,KIPKELION WEST,CHILCHILA
KERICHO,AINAMOI,KAPSOIT
KERICHO,AINAMOI,AINAMOI
KERICHO,AINAMOI,KAPKUGERWET
KERICHO,AINAMOI,KIPCHEBOR
KERICHO,AINAMOI,KIPCHIMCHIM
KERICHO,AINAMOI,KAPSAOS
KERICHO,BURETI,KISIARA
KERICHO,BURETI,TEBESONIK
KERICHO,BURETI,CHEBOIN
KERICHO,BURETI,CHEMOSOT
KERICHO,BURETI,LITEIN
KERICHO,BURETI,CHEPLANGET
KERICHO,BURETI,KAPKATET
KERICHO,BELGUT,WALDAI
KERICHO,BELGUT,KABIANGA
KERICHO,BELGUT,CHEPTORORIET/SERETUT
KERICHO,BELGUT,CHAIK
KERICHO,BELGUT,KAPSUSER
KERICHO,SIGOWET/SOIN,SIGOWET
KERICHO,SIGOWET/SOIN,KAPLELARTET
KERICHO,SIGOWET/SOIN,SOLIAT
KERICHO,SIGOWET/SOIN,SOIN
BOMET,SOTIK,NDANAI/ABOSI
BOMET,SOTIK,CHEMAGEL
BOMET,SOTIK,KIPSONOI
BOMET,SOTIK,KAPLETUNDO
BOMET,SOTIK,RONGENA/MANARET
BOMET,CHEPALUNGU,KONG'ASIS
BOMET,CHEPALUNGU,NYANGORES
BOMET,CHEPALUNGU,SIGOR
BOMET,CHEPALUNGU,CHEBUNYO
BOMET,CHEPALUNGU,SIONGIROI
BOMET,BOMET EAST,MERIGI
BOMET,BOMET EAST,KEMBU
BOMET,BOMET EAST,LONGISA
BOMET,BOMET EAST,KIPRERES
BOMET,BOMET EAST,CHEMANER
BOMET,BOMET CENTRAL,SILIBWET TOWNSHIP
BOMET,BOMET CENTRAL,NDARAWETA
BOMET,BOMET CENTRAL,SINGORWET
BOMET,BOMET CENTRAL,CHESOEN
BOMET,BOMET CENTRAL,MUTARAKWA
BOMET,KONOIN,CHEPCHABAS
BOMET,KONOIN,KIMULOT
BOMET,KONOIN,MOGOGOSIEK
BOMET,KONOIN,BOITO
BOMET,KONOIN,EMBOMOS
KAKAMEGA,LUGARI,MAUTUMA
KAKAMEGA,LUGARI,LUGARI
KAKAMEGA,LUGARI,LUMAKANDA
KAKAMEGA,LUGARI,CHEKALINI
KAKAMEGA,LUGARI,CHEVAYWA
KAKAMEGA,LUGARI,LWANDETI
KAKAMEGA,LIKUYANI,LIKUYANI
KAKAMEGA,LIKUYANI,SANGO
KAKAMEGA,LIKUYANI,KONGONI
KAKAMEGA,LIKUYANI,NZOIA
KAKAMEGA,LIKUYANI,SINOKO
KAKAMEGA,MALAVA,WEST KABRAS
KAKAMEGA,MALAVA,CHEMUCHE
KAKAMEGA,MALAVA,EAST KABRAS
KAKAMEGA,MALAVA,BUTALI/CHEGULO
KAKAMEGA,MALAVA,MANDA-SHIVANGA
KAKAMEGA,MALAVA,SHIRUNGU-MUGAI
KAKAMEGA,MALAVA,SOUTH KABRAS
KAKAMEGA,LURAMBI,BUTSOTSO EAST
KAKAMEGA,LURAMBI,BUTSOTSO SOUTH
KAKAMEGA,LURAMBI,BUTSOTSO CENTRAL
KAKAMEGA,LURAMBI,SHEYWE
KAKAMEGA,LURAMBI,MAHIAKALO
KAKAMEGA,LURAMBI,SHIRERE
KAKAMEGA,NAVAKHOLO,INGOSTE-MATIHA
KAKAMEGA,NAVAKHOLO,SHINOYI-SHIKOMARI-ESUMEIYA
KAKAMEGA,NAVAKHOLO,BUNYALA WEST
KAKAMEGA,NAVAKHOLO,BUNYALA EAST
KAKAMEGA,NAVAKHOLO,BUNYALA CENTRAL
KAKAMEGA,MUMIAS WEST,MUMIAS CENTRAL
KAKAMEGA,MUMIAS WEST,MUMIAS NORTH
KAKAMEGA,MUMIAS WEST,ETENJE
KAKAMEGA,MUMIAS WEST,MUSANDA
KAKAMEGA,MUMIAS EAST,LUSHEYA/LUBINU
KAKAMEGA,MUMIAS EAST,MALAHA/ISONGO/MAKUNGA
KAKAMEGA,MUMIAS EAST,EAST WANGA
KAKAMEGA,MATUNGU,KOYONZO
KAKAMEGA,MATUNGU,KHOLERA
KAKAMEGA,MATUNGU,KHALABA
KAKAMEGA,MATUNGU,MAYONI
KAKAMEGA,MATUNGU,NAMAMALI
KAKAMEGA,BUTERE,MARAMA WEST
KAKAMEGA,BUTERE,MARAMA CENTRAL
KAKAMEGA,BUTERE,MARENYO-SHIANDA
KAKAMEGA,BUTERE,MARAMA NORTH
KAKAMEGA,BUTERE,MARAMA SOUTH
KAKAMEGA,KHWISERO,KISA NORTH
KAKAMEGA,KHWISERO,KISA EAST
KAKAMEGA,KHWISERO,KISA WEST
KAKAMEGA,KHWISERO,KISA CENTRAL
KAKAMEGA,SHINYALU,ISUKHA NORTH
KAKAMEGA,SHINYALU,MURHANDA
KAKAMEGA,SHINYALU,ISUKHA CENTRAL
KAKAMEGA,SHINYALU,ISUKHA SOUTH
KAKAMEGA,SHINYALU,ISUKHA EAST
KAKAMEGA,SHINYALU,ISUKHA WEST
KAKAMEGA,IKOLOMANI,IDAKHO SOUTH
KAKAMEGA,IKOLOMANI,IDAKHO EAST
KAKAMEGA,IKOLOMANI,IDAKHO NORTH
KAKAMEGA,IKOLOMANI,IDAKHO CENTRAL
VIHIGA,VIHIGA,LUGAGA-WAMULUMA
VIHIGA,VIHIGA,SOUTH MARAGOLI
VIHIGA,VIHIGA,CENTRAL MARAGOLI
VIHIGA,VIHIGA,MUNGOMA
VIHIGA,SABATIA,LYADUYWA/IZAVA
VIHIGA,SABATIA,WEST SABATIA
VIHIGA,SABATIA,CHAVAKALI
VIHIGA,SABATIA,NORTH MARAGOLI
VIHIGA,SABATIA,WODANGA
VIHIGA,SABATIA,BUSALI
VIHIGA,HAMISI,SHIRU
VIHIGA,HAMISI,GISAMBAI
VIHIGA,HAMISI,SHAMAKHOKHO
VIHIGA,HAMISI,BANJA
VIHIGA,HAMISI,MUHUDU
VIHIGA,HAMISI,TAMBUA
VIHIGA,HAMISI,JEPKOYAI
VIHIGA,LUANDA,LUANDA TOWNSHIP
VIHIGA,LUANDA,WEMILABI
VIHIGA,LUANDA,MWIBONA
VIHIGA,LUANDA,LUANDA SOUTH
VIHIGA,LUANDA,EMABUNGO
VIHIGA,EMUHAYA,NORTH EAST BUNYORE
VIHIGA,EMUHAYA,CENTRAL BUNYORE
VIHIGA,EMUHAYA,WEST BUNYORE
BUNGOMA,MT. ELGON,CHEPTAIS
BUNGOMA,MT. ELGON,CHESIKAKI
BUNGOMA,MT. ELGON,CHEPYUK
BUNGOMA,MT. ELGON,KAPKATENY
BUNGOMA,MT. ELGON,KAPTAMA
BUNGOMA,MT. ELGON,ELGON
BUNGOMA,SIRISIA,NAMWELA
BUNGOMA,SIRISIA,MALAKISI/SOUTH KULISIRU
BUNGOMA,SIRISIA,LWANDANYI
BUNGOMA,KABUCHAI,KABUCHAI/CHWELE
BUNGOMA,KABUCHAI,WEST NALONDO
BUNGOMA,KABUCHAI,BWAKE/LUUYA
BUNGOMA,KABUCHAI,MUKUYUNI
BUNGOMA,BUMULA,SOUTH BUKUSU
BUNGOMA,BUMULA,BUMULA
BUNGOMA,BUMULA,KHASOKO
BUNGOMA,BUMULA,KABULA
BUNGOMA,BUMULA,KIMAETI
BUNGOMA,BUMULA,WEST BUKUSU
BUNGOMA,BUMULA,SIBOTI
BUNGOMA,KANDUYI,BUKEMBE WEST
BUNGOMA,KANDUYI,BUKEMBE EAST
BUNGOMA,KANDUYI,TOWNSHIP
BUNGOMA,KANDUYI,KHALABA
BUNGOMA,KANDUYI,MUSIKOMA
BUNGOMA,KANDUYI,EAST SANG'ALO
BUNGOMA,KANDUYI,MARAKARU/TUUTI
BUNGOMA,KANDUYI,WEST SANG'ALO
BUNGOMA,WEBUYE EAST,MIHUU
BUNGOMA,WEBUYE EAST,NDIVISI
BUNGOMA,WEBUYE EAST,MARAKA
BUNGOMA,WEBUYE WEST,MISIKHU
BUNGOMA,WEBUYE WEST,SITIKHO
BUNGOMA,WEBUYE WEST,MATULO
BUNGOMA,WEBUYE WEST,BOKOLI
BUNGOMA,KIMILILI,KIBINGEI
BUNGOMA,KIMILILI,KIMILILI
BUNGOMA,KIMILILI,MAENI
BUNGOMA,KIMILILI,KAMUKUYWA
BUNGOMA,TONGAREN,MBAKALO
BUNGOMA,TONGAREN,NAITIRI/KABUYEFWE
BUNGOMA,TONGAREN,MILIMA
BUNGOMA,TONGAREN,NDALU
BUNGOMA,TONGAREN,TONGAREN
BUNGOMA,TONGAREN,SOYSAMBU/MITUA
BUSIA,TESO NORTH,MALABA CENTRAL
BUSIA,TESO NORTH,MALABA NORTH
BUSIA,TESO NORTH,ANG'URAI SOUTH
BUSIA,TESO NORTH,ANG'URAI NORTH
BUSIA,TESO NORTH,ANG'URA EAST
BUSIA,TESO NORTH,MALABA SOUTH
BUSIA,TESO SOUTH,ANG'OROM
BUSIA,TESO SOUTH,CHAKOL SOUTH
BUSIA,TESO SOUTH,CHAKOL NORTH
BUSIA,TESO SOUTH,AMUKURA WEST
BUSIA,TESO SOUTH,AMUKURA EAST
BUSIA,TESO SOUTH,AMUKURA CENTRAL
BUSIA,NAMBALE,NAMBALE
BUSIA,NAMBALE,BUKHAYO NORTH/WALATSI
BUSIA,NAMBALE,BUKHAYO EAST
BUSIA,NAMBALE,BUKHAYO CENTRAL
BUSIA,MATAYOS,BUKHAYO WEST
BUSIA,MATAYOS,MAYENJE
BUSIA,MATAYOS,MATAYOS SOUTH
BUSIA,MATAYOS,BUSIBWABO
BUSIA,MATAYOS,BURUMBA
BUSIA,BUTULA,MARACHI WEST
BUSIA,BUTULA,KINGANDOLE
BUSIA,BUTULA,MARACHI CENTRAL
BUSIA,BUTULA,MARACHI EAST
BUSIA,BUTULA,MARACHI NORTH
BUSIA,BUTULA,ELUGULU
BUSIA,FUNYULA,NAMBOBOTO-NAMBUKU WARD
BUSIA,FUNYULA,NANGINA
BUSIA,FUNYULA,AGENG'A NANGUBA
BUSIA,FUNYULA,BWIRI
BUSIA,BUDALANGI,BUNYALA CENTRAL
BUSIA,BUDALANGI,BUNYALA NORTH
BUSIA,BUDALANGI,BUNYALA WEST
BUSIA,BUDALANGI,BUNYALA SOUTH
SIAYA,UGENYA,WEST UGENYA
SIAYA,UGENYA,UKWALA
SIAYA,UGENYA,NORTH UGENYA
SIAYA,UGENYA,EAST UGENYA
SIAYA,UGUNJA,SIDINDI
SIAYA,UGUNJA,SIGOMERE
SIAYA,UGUNJA,UGUNJA
SIAYA,ALEGO USONGA,USONGA
SIAYA,ALEGO USONGA,WEST ALEGO
SIAYA,ALEGO USONGA,CENTRAL ALEGO
SIAYA,ALEGO USONGA,SIAYA TOWNSHIP
SIAYA,ALEGO USONGA,NORTH ALEGO
SIAYA,ALEGO USONGA,SOUTH EAST ALEGO
SIAYA,GEM,NORTH GEM
SIAYA,GEM,WEST GEM
SIAYA,GEM,CENTRAL GEM
SIAYA,GEM,YALA TOWNSHIP
SIAYA,GEM,EAST GEM
SIAYA,GEM,SOUTH GEM
SIAYA,BONDO,WEST YIMBO
SIAYA,BONDO,CENTRAL SAKWA
SIAYA,BONDO,SOUTH SAKWA
SIAYA,BONDO,YIMBO EAST
SIAYA,BONDO,WEST SAKWA
SIAYA,BONDO,NORTH SAKWA
SIAYA,RARIEDA,EAST ASEMBO
SIAYA,RARIEDA,WEST ASEMBO
SIAYA,RARIEDA,NORTH UYOMA
SIAYA,RARIEDA,SOUTH UYOMA
SIAYA,RARIEDA,WEST UYOMA
KISUMU,KISUMU EAST,KAJULU
KISUMU,KISUMU EAST,KOLWA EAST
KISUMU,KISUMU EAST,MANYATTA B
KISUMU,KISUMU EAST,NYALENDA A
KISUMU,KISUMU EAST,KOLWA CENTRAL
KISUMU,KISUMU WEST,SOUTH WEST KISUMU
KISUMU,KISUMU WEST,CENTRAL KISUMU
KISUMU,KISUMU WEST,KISUMU NORTH
KISUMU,KISUMU WEST,WEST KISUMU
KISUMU,KISUMU WEST,NORTH WEST KISUMU
KISUMU,KISUMU CENTRAL,RAILWAYS
KISUMU,KISUMU CENTRAL,MIGOSI
KISUMU,KISUMU CENTRAL,SHAURI MOYO KALOLENI
KISUMU,KISUMU CENTRAL,MARKET MILIMANI
KISUMU,KISUMU CENTRAL,KONDELE
KISUMU,KISUMU CENTRAL,NYALENDA B
KISUMU,SEME,WEST SEME
KISUMU,SEME,CENTRAL SEME
KISUMU,SEME,EAST SEME
KISUMU,SEME,NORTH SEME
KISUMU,NYANDO,EAST KANO/WAWIDHI
KISUMU,NYANDO,AWASI/ONJIKO
KISUMU,NYANDO,AHERO
KISUMU,NYANDO,KABONYO/KANYAGWAI
KISUMU,NYANDO,KOBURA
KISUMU,MUHORONI,MIWANI
KISUMU,MUHORONI,OMBEYI
KISUMU,MUHORONI,MASOGO/NYANG'OMA
KISUMU,MUHORONI,CHEMELIL
KISUMU,MUHORONI,MUHORONI KORU
KISUMU,NYAKACH,SOUTH WEST NYAKACH
KISUMU,NYAKACH,NORTH NYAKACH
KISUMU,NYAKACH,CENTRAL NYAKACH
KISUMU,NYAKACH,WEST NYAKACH
KISUMU,NYAKACH,SOUTH EAST NYAKACH
HOMA BAY,KASIPUL,WEST KASIPUL
HOMA BAY,KASIPUL,SOUTH KASIPUL
HOMA BAY,KASIPUL,CENTRAL KASIPUL
HOMA BAY,KASIPUL,EAST KAMAGAK
HOMA BAY,KASIPUL,WEST KAMAGAK
HOMA BAY,KABONDO KASIPUL,KABONDO EAST
HOMA BAY,KABONDO KASIPUL,KABONDO WEST
HOMA BAY,KABONDO KASIPUL,KOKWANYO/KAKELO
HOMA BAY,KABONDO KASIPUL,KOJWACH
HOMA BAY,KARACHUONYO,WEST KARACHUONYO
HOMA BAY,KARACHUONYO,NORTH KARACHUONYO
HOMA BAY,KARACHUONYO,CENTRAL
HOMA BAY,KARACHUONYO,KANYALUO
HOMA BAY,KARACHUONYO,KIBIRI
HOMA BAY,KARACHUONYO,WANG'CHIENG
HOMA BAY,KARACHUONYO,KENDU BAY TOWN
HOMA BAY,RANGWE,WEST GEM
HOMA BAY,RANGWE,EAST GEM
HOMA BAY,RANGWE,KAGAN
HOMA BAY,RANGWE,KOCHIA
HOMA BAY,HOMA BAY TOWN,HOMA BAY CENTRAL
HOMA BAY,HOMA BAY TOWN,HOMA BAY ARUJO
HOMA BAY,HOMA BAY TOWN,HOMA BAY WEST
HOMA BAY,HOMA BAY TOWN,HOMA BAY EAST
HOMA BAY,NDHIWA,KWABWAI
HOMA BAY,NDHIWA,KANYADOTO
HOMA BAY,NDHIWA,KANYIKELA
HOMA BAY,NDHIWA,KABOUCH NORTH
HOMA BAY,NDHIWA,KABUOCH SOUTH/PALA
HOMA BAY,NDHIWA,KANYAMWA KOLOGI
HOMA BAY,NDHIWA,KANYAMWA KOSEWE
HOMA BAY,SUBA NORTH,MFANGANO ISLAND
HOMA BAY,SUBA NORTH,RUSINGA ISLAND
HOMA BAY,SUBA NORTH,KASGUNGA
HOMA BAY,SUBA NORTH,GEMBE
HOMA BAY,SUBA NORTH,LAMBWE
HOMA BAY,SUBA SOUTH,GWASSI SOUTH
HOMA BAY,SUBA SOUTH,GWASSI NORTH
HOMA BAY,SUBA SOUTH,KAKSINGIRI WEST
HOMA BAY,SUBA SOUTH,RUMA-KAKSINGIRI EAST
MIGORI,RONGO,NORTH KAMAGAMBO
MIGORI,RONGO,CENTRAL KAMAGAMBO
MIGORI,RONGO,EAST KAMAGAMBO
MIGORI,RONGO,SOUTH KAMAGAMBO
MIGORI,AWENDO,NORTH SAKWA
MIGORI,AWENDO,SOUTH SAKWA
MIGORI,AWENDO,WEST SAKWA
MIGORI,AWENDO,CENTRAL SAKWA
MIGORI,SUNA EAST,GOD JOPE
MIGORI,SUNA EAST,SUNA CENTRAL
MIGORI,SUNA EAST,KAKRAO
MIGORI,SUNA EAST,KWA
MIGORI,SUNA WEST,WIGA
MIGORI,SUNA WEST,WASEWETA II
MIGORI,SUNA WEST,RAGANA-ORUBA
MIGORI,SUNA WEST,WASIMBETE
MIGORI,URIRI,WEST KANYAMKAGO
MIGORI,URIRI,NORTH KANYAMKAGO
MIGORI,URIRI,CENTRAL KANYAMKAGO
MIGORI,URIRI,SOUTH KANYAMKAGO
MIGORI,URIRI,EAST KANYAMKAGO
MIGORI,NYATIKE,KACHIENG'
MIGORI,NYATIKE,KANYASA
MIGORI,NYATIKE,NORTH KADEM
MIGORI,NYATIKE,MACALDER/KANYARWANDA
MIGORI,NYATIKE,KALER
MIGORI,NYATIKE,GOT KACHOLA
MIGORI,NYATIKE,MUHURU
MIGORI,KURIA WEST,BUKIRA EAST
MIGORI,KURIA WEST,BUKIRA CENTRAL/IKEREGE
MIGORI,KURIA WEST,ISIBANIA
MIGORI,KURIA WEST,MOKERERO
MIGORI,KURIA WEST,MASABA
MIGORI,KURIA WEST,TAGARE
MIGORI,KURIA WEST,NYANMOSENSE/KOMOSOKO
MIGORI,KURIA EAST,GOKEHARAKA/GETAMBWEGA
MIGORI,KURIA EAST,NTIMARU WEST
MIGORI,KURIA EAST,NTIMARU EAST
MIGORI,KURIA EAST,NYABASI EAST
MIGORI,KURIA EAST,NYABASI WEST
KISII,BONCHARI,BOMARIBA
KISII,BONCHARI,BOGIAKUMU
KISII,BONCHARI,BOMORENDA
KISII,BONCHARI,RIANA
KISII,SOUTH MUGIRANGO,TABAKA
KISII,SOUTH MUGIRANGO,BOIKANGA
KISII,SOUTH MUGIRANGO,BOGETENGA
KISII,SOUTH MUGIRANGO,BORABU/CHITAGO
KISII,SOUTH MUGIRANGO,MOTICHO
KISII,SOUTH MUGIRANGO,GETENGA
KISII,BOMACHOGE BORABU,BOMBABA BORABU
KISII,BOMACHOGE BORABU,BOOCHI BORABU
KISII,BOMACHOGE BORABU,BOKIMONGE
KISII,BOMACHOGE BORABU,MAGENCHE
KISII,BOBASI,MASIGE WEST
KISII,BOBASI,MASIGE EAST
KISII,BOBASI,BASI CENTRAL
KISII,BOBASI,NYACHEKI
KISII,BOBASI,BASSI BOGETAORIO
KISII,BOBASI,BOBASI CHACHE
KISII,BOBASI,SAMETA/MOKWERERO
KISII,BOBASI,BOBASI/BOITANGARE
KISII,BOMACHOGE CHACHE,MAJOGE BASI
KISII,BOMACHOGE CHACHE,BOOCHI/TENDERE
KISII,BOMACHOGE CHACHE,BOSOTI/SENGERA
KISII,NYARIBARI MASABA,ICHUNI
KISII,NYARIBARI MASABA,NYAMASIBI
KISII,NYARIBARI MASABA,MASIMBA
KISII,NYARIBARI MASABA,GESUSU
KISII,NYARIBARI MASABA,KIAMOKAMA
KISII,NYARIBARI CHACHE,BOBARACHO
KISII,NYARIBARI CHACHE,KISII CENTRAL
KISII,NYARIBARI CHACHE,KEUMBU
KISII,NYARIBARI CHACHE,KIOGORO
KISII,NYARIBARI CHACHE,BIRONGO
KISII,NYARIBARI CHACHE,IBENO
KISII,KITUTU CHACHE NORTH,MONYERERO
KISII,KITUTU CHACHE NORTH,SENSI
KISII,KITUTU CHACHE NORTH,MARANI
KISII,KITUTU CHACHE NORTH,KEGOGI
KISII,KITUTU CHACHE SOUTH,BOGUSERO
KISII,KITUTU CHACHE SOUTH,BOGEKA
KISII,KITUTU CHACHE SOUTH,NYAKOE
KISII,KITUTU CHACHE SOUTH,KITUTU CENTRAL
KISII,KITUTU CHACHE SOUTH,NYATIEKO
NYAMIRA,KITUTU MASABA,RIGOMA
NYAMIRA,KITUTU MASABA,GACHUBA
NYAMIRA,KITUTU MASABA,KAMERA
NYAMIRA,KITUTU MASABA,MAGOMBO
NYAMIRA,KITUTU MASABA,MANGA
NYAMIRA,KITUTU MASABA,GESIMA
NYAMIRA,WEST MUGIRANGO,NYAMAIYA
NYAMIRA,WEST MUGIRANGO,BOGICHORA
NYAMIRA,WEST MUGIRANGO,BOSAMARO
NYAMIRA,WEST MUGIRANGO,BONYAMATUTA
NYAMIRA,WEST MUGIRANGO,TOWNSHIP
NYAMIRA,NORTH MUGIRANGO,ITIBO
NYAMIRA,NORTH MUGIRANGO,BOMWAGAMO
NYAMIRA,NORTH MUGIRANGO,BOKEIRA
NYAMIRA,NORTH MUGIRANGO,MAGWAGWA
NYAMIRA,NORTH MUGIRANGO,EKERENYO
NYAMIRA,BORABU,MEKENENE
NYAMIRA,BORABU,KIABONYORU
NYAMIRA,BORABU,NYANSIONGO
NYAMIRA,BORABU,ESISE
NAIROBI,WESTLANDS,KITISURU
NAIROBI,WESTLANDS,PARKLANDS/HIGHRIDGE
NAIROBI,WESTLANDS,KARURA
NAIROBI,WESTLANDS,KANGEMI
NAIROBI,WESTLANDS,MOUNTAIN VIEW
NAIROBI,DAGORETTI NORTH,KILIMANI
NAIROBI,DAGORETTI NORTH,KAWANGARE
NAIROBI,DAGORETTI NORTH,GATINA
NAIROBI,DAGORETTI NORTH,KILELESHWA
NAIROBI,DAGORETTI NORTH,KABIRO
NAIROBI,DAGORETTI SOUTH,MUTU-INI
NAIROBI,DAGORETTI SOUTH,NGANDO
NAIROBI,DAGORETTI SOUTH,RIRUTA
NAIROBI,DAGORETTI SOUTH,UTHIRU/RUTHIMITU
NAIROBI,DAGORETTI SOUTH,WAITHAKA
NAIROBI,LANGATA,KAREN
NAIROBI,LANGATA,NAIROBI WEST
NAIROBI,LANGATA,MUGUMO-INI
NAIROBI,LANGATA,SOUTH C
NAIROBI,LANGATA,NYAYO HIGHRISE
NAIROBI,KIBRA,LAINI SABA
NAIROBI,KIBRA,LINDI
NAIROBI,KIBRA,MAKINA
NAIROBI,KIBRA,WOODLEY/KENYATTA GOLF COURSE
NAIROBI,KIBRA,SARANG'OMBE
NAIROBI,ROYSAMBU,GITHURAI
NAIROBI,ROYSAMBU,KAHAWA WEST
NAIROBI,ROYSAMBU,ZIMMERMAN
NAIROBI,ROYSAMBU,ROYSAMBU
NAIROBI,ROYSAMBU,KAHAWA
NAIROBI,KASARANI,CLAY CITY
NAIROBI,KASARANI,MWIKI
NAIROBI,KASARANI,KASARANI
NAIROBI,KASARANI,NJIRU
NAIROBI,KASARANI,RUAI
NAIROBI,RUARAKA,BABANDOGO
NAIROBI,RUARAKA,UTALII
NAIROBI,RUARAKA,MATHARE NORTH
NAIROBI,RUARAKA,LUCKY SUMMER
NAIROBI,RUARAKA,KOROGOCHO
NAIROBI,EMBAKASI SOUTH,IMARA DAIMA
NAIROBI,EMBAKASI SOUTH,KWA NJENGA
NAIROBI,EMBAKASI SOUTH,KWA REUBEN
NAIROBI,EMBAKASI SOUTH,PIPELINE
NAIROBI,EMBAKASI SOUTH,KWARE
NAIROBI,EMBAKASI NORTH,KARIOBANGI NORTH
NAIROBI,EMBAKASI NORTH,DANDORA AREA I
NAIROBI,EMBAKASI NORTH,DANDORA AREA II
NAIROBI,EMBAKASI NORTH,DANDORA AREA III
NAIROBI,EMBAKASI NORTH,DANDORA AREA IV
NAIROBI,EMBAKASI CENTRAL,KAYOLE NORTH
NAIROBI,EMBAKASI CENTRAL,KAYOLE CENTRAL
NAIROBI,EMBAKASI CENTRAL,KAYOLE SOUTH
NAIROBI,EMBAKASI CENTRAL,KOMAROCK
NAIROBI,EMBAKASI CENTRAL,MATOPENI/SPRING VALLEY
NAIROBI,EMBAKASI EAST,UPPER SAVANNA
NAIROBI,EMBAKASI EAST,LOWER SAVANNA
NAIROBI,EMBAKASI EAST,EMBAKASI
NAIROBI,EMBAKASI EAST,UTAWALA
NAIROBI,EMBAKASI EAST,MIHANGO
NAIROBI,EMBAKASI WEST,UMOJA I
NAIROBI,EMBAKASI WEST,UMOJA II
NAIROBI,EMBAKASI WEST,MOWLEM
NAIROBI,EMBAKASI WEST,KARIOBANGI SOUTH
NAIROBI,MAKADARA,MARINGO/HAMZA
NAIROBI,MAKADARA,VIWANDANI
NAIROBI,MAKADARA,HARAMBEE
NAIROBI,MAKADARA,MAKONGENI
NAIROBI,KAMUKUNJI,PUMWANI
NAIROBI,KAMUKUNJI,EASTLEIGH NORTH
NAIROBI,KAMUKUNJI,EASTLEIGH SOUTH
NAIROBI,KAMUKUNJI,AIRBASE
NAIROBI,KAMUKUNJI,CALIFORNIA
NAIROBI,STAREHE,NAIROBI CENTRAL
NAIROBI,STAREHE,NGARA
NAIROBI,STAREHE,PANGANI
NAIROBI,STAREHE,ZIWANI/KARIOKOR
NAIROBI,STAREHE,LANDIMAWE
NAIROBI,STAREHE,NAIROBI SOUTH
NAIROBI,MATHARE,HOSPITAL
NAIROBI,MATHARE,MABATINI
NAIROBI,MATHARE,HURUMA
NAIROBI,MATHARE,NGEI
NAIROBI,MATHARE,MLANGO KUBWA
NAIROBI,MATHARE,KIAMAIKO
